{"stats":{"minecraft:picked_up":{"hmag:soul_powder":1},"minecraft:custom":{"minecraft:jump":26,"minecraft:open_chest":11,"minecraft:time_since_rest":10750,"minecraft:interact_with_furnace":1,"minecraft:leave_game":7,"minecraft:play_time":10750,"minecraft:sprint_one_cm":1839,"minecraft:time_since_death":10750,"minecraft:walk_one_cm":8716,"minecraft:sneak_time":6,"minecraft:total_world_time":10750,"minecraft:fly_one_cm":18092},"minecraft:used":{"minecraft:gray_bed":1,"minecraft:chest":1,"quark:jungle_chest":4,"minecraft:purple_bed":1,"minecraft:crafting_table":2,"minecraft:furnace":1,"minecraft:magenta_bed":1}},"DataVersion":2975}