{"stats":{"minecraft:custom":{"minecraft:time_since_rest":19385,"minecraft:open_chest":24,"minecraft:sprint_one_cm":2289,"minecraft:interact_with_furnace":1,"minecraft:play_time":19385,"tombstone:undead_killed":1,"minecraft:damage_taken":70,"minecraft:walk_one_cm":16252,"minecraft:sneak_time":6,"minecraft:mob_kills":1,"minecraft:drop":2,"minecraft:jump":65,"minecraft:damage_dealt":200,"minecraft:leave_game":12,"minecraft:time_since_death":19385,"minecraft:total_world_time":19385,"minecraft:fly_one_cm":20827},"minecraft:picked_up":{"hmag:soul_powder":1,"minecraft:iron_ingot":68},"minecraft:used":{"minecraft:netherite_sword":3,"minecraft:purple_bed":1,"minecraft:crafting_table":2,"minecraft:furnace":1,"minecraft:magenta_bed":1,"minecraft:gray_bed":1,"quark:jungle_chest":4,"minecraft:chest":3},"minecraft:killed":{"minecraft:husk":1},"minecraft:dropped":{"minecraft:iron_ingot":68}},"DataVersion":2975}