{"stats":{"minecraft:custom":{"minecraft:time_since_rest":15239,"minecraft:open_chest":16,"tombstone:undead_killed":1,"minecraft:sprint_one_cm":2212,"minecraft:interact_with_furnace":1,"minecraft:play_time":15239,"minecraft:damage_taken":30,"minecraft:walk_one_cm":13532,"minecraft:sneak_time":6,"minecraft:mob_kills":1,"minecraft:drop":2,"minecraft:jump":47,"minecraft:damage_dealt":200,"minecraft:leave_game":9,"minecraft:time_since_death":15239,"minecraft:total_world_time":15239,"minecraft:fly_one_cm":19141},"minecraft:killed":{"minecraft:husk":1},"minecraft:dropped":{"minecraft:iron_ingot":68},"minecraft:picked_up":{"hmag:soul_powder":1,"minecraft:iron_ingot":68},"minecraft:used":{"minecraft:netherite_sword":3,"minecraft:crafting_table":2,"minecraft:purple_bed":1,"minecraft:magenta_bed":1,"minecraft:furnace":1,"minecraft:gray_bed":1,"quark:jungle_chest":4,"minecraft:chest":3}},"DataVersion":2975}